Workbook

Sheet loadshapes
A1: condition_name | B1: competition_group | C1: subgroup | D1: summer_on-peak | E1: summer_off-peak | F1: winter_on-peak | G1: winter_off-peak | H1: shoulder_on-peak | I1: shoulder_off-peak | J1: summer_gener_capacity | K1: winter_gener_capacity | L1: summer_tandd | M1: winter_tandd
A2: furnace_fuel_oil_existing_residential | B2: heating_cooling | C2: oil_furnace | D2: 0.0078778425 | E2: 0.018345799 | F2: 0.28181183 | G2: 0.36880851 | H2: 0.12986405 | I2: 0.19329195 | J2: 0 | K2: 0.38100661 | L2: 0 | M2: 0.38100661
A3: furnace_natural_gas_baseline_residential | B3: heating_cooling | C3: gas_furnace | D3: 0.0078778425 | E3: 0.018345799 | F3: 0.28181183 | G3: 0.36880851 | H3: 0.12986405 | I3: 0.19329195 | J3: 0 | K3: 0.38100661 | L3: 0 | M3: 0.38100661
A4: furnace_natural_gas_efficient_residential | B4: heating_cooling | C4: gas_furnace | D4: 0.0078778425 | E4: 0.018345799 | F4: 0.28181183 | G4: 0.36880851 | H4: 0.12986405 | I4: 0.19329195 | J4: 0 | K4: 0.38100661 | L4: 0 | M4: 0.38100661
A5: room_ac_electricity_baseline_residential | B5: heating_cooling | C5: room_ac | D5: 0.49062061 | E5: 0.37157673 | F5: 0.020993792 | G5: 0.026758522 | H5: 0.048400141 | I5: 0.041650202 | J5: 0.37286116 | K5: 0 | L5: 0.37286116 | M5: 0
A6: room_ac_electricity_efficient_residential | B6: heating_cooling | C6: room_ac | D6: 0.49062061 | E6: 0.37157673 | F6: 0.020993792 | G6: 0.026758522 | H6: 0.048400141 | I6: 0.041650202 | J6: 0.37286116 | K6: 0 | L6: 0.37286116 | M6: 0
A7: air_conditioner_electricity_baseline_residential | B7: heating_cooling | C7: central_ac | D7: 0.49062061 | E7: 0.37157673 | F7: 0.020993792 | G7: 0.026758522 | H7: 0.048400141 | I7: 0.041650202 | J7: 0.37286116 | K7: 0 | L7: 0.37286116 | M7: 0
A8: air_conditioner_electricity_efficient_residential | B8: heating_cooling | C8: central_ac | D8: 0.49062061 | E8: 0.37157673 | F8: 0.020993792 | G8: 0.026758522 | H8: 0.048400141 | I8: 0.041650202 | J8: 0.37286116 | K8: 0 | L8: 0.37286116 | M8: 0
A9: cchp_electricity_efficient_residential | B9: heating_cooling | C9: cchp | D9: 0.49062061 | E9: 0.37157673 | F9: 0.020993792 | G9: 0.026758522 | H9: 0.048400141 | I9: 0.041650202 | J9: 0.37286116 | K9: 0 | L9: 0.37286116 | M9: 0
A10: refrigerator_electricity_existing_residential | B10: refrigeration | C10: full_size | D10: 0.22086273 | E10: 0.23739946 | F10: 0.095015056 | G10: 0.11033865 | H10: 0.1647235 | I10: 0.1716606 | J10: 1.186104 | K10: 0.888264 | L10: 1.186104 | M10: 0.888264
A11: refrigerator_electricity_baseline_residential | B11: refrigeration | C11: full_size | D11: 0.22086273 | E11: 0.23739946 | F11: 0.095015056 | G11: 0.11033865 | H11: 0.1647235 | I11: 0.1716606 | J11: 1.186104 | K11: 0.888264 | L11: 1.186104 | M11: 0.888264
A12: refrigerator_electricity_efficient_residential | B12: refrigeration | C12: full_size | D12: 0.22086273 | E12: 0.23739946 | F12: 0.095015056 | G12: 0.11033865 | H12: 0.1647235 | I12: 0.1716606 | J12: 1.186104 | K12: 0.888264 | L12: 1.186104 | M12: 0.888264
A13: refrigerator_electricity_top10_residential | B13: refrigeration | C13: full_size | D13: 0.22086273 | E13: 0.23739946 | F13: 0.095015056 | G13: 0.11033865 | H13: 0.1647235 | I13: 0.1716606 | J13: 1.186104 | K13: 0.888264 | L13: 1.186104 | M13: 0.888264
A14: whole_home_insultation_existing_residential | B14: whole_home | C14: none | D14: =AVERAGE(Sheet2!B1:B2) -> 0.24213783 | E14: =AVERAGE(Sheet2!C1:C2) -> 0.19750067 | F14: =AVERAGE(Sheet2!D1:D2) -> 0.15198543 | G14: =AVERAGE(Sheet2!E1:E2) -> 0.20428622 | H14: =AVERAGE(Sheet2!F1:F2) -> 0.088423353 | I14: =AVERAGE(Sheet2!G1:G2) -> 0.11566652 | J14: 0.37286116 | K14: 0.38100661 | L14: 0.37286116 | M14: 0.38100661
A15: whole_home_insultation_baseline_residential | B15: whole_home | C15: none | D15: 0.24213783 | E15: 0.19750067 | F15: 0.15198543 | G15: 0.20428622 | H15: 0.088423353 | I15: 0.11566652 | J15: 0.37286116 | K15: 0.38100661 | L15: 0.37286116 | M15: 0.38100661
A16: whole_home_insultation_efficient_residential | B16: whole_home | C16: none | D16: 0.24213783 | E16: 0.19750067 | F16: 0.15198543 | G16: 0.20428622 | H16: 0.088423353 | I16: 0.11566652 | J16: 0.37286116 | K16: 0.38100661 | L16: 0.37286116 | M16: 0.38100661
D20: 0.06 | E20: 0.04 | F20: 0.06 | G20: 0.04 | H20: 0.04 | I20: 0.04
D21: =SUMPRODUCT(D2:I2,D$20:I$20) -> 0.045793793 | E21: =D21*100 -> 4.5793793 | F21: =E21*(1-G$21) -> 4.1475438 | G21: 0.0943 | J21: 89.69 | K21: 0.0943
D22: =SUMPRODUCT(D3:I3,D$20:I$20) -> 0.045793793 | E22: =D22*100 -> 4.5793793 | F22: =E22*(1-G$21) -> 4.1475438 | J22: =J21*J5*(1-K21) -> 30.288345
D23: =SUMPRODUCT(D4:I4,D$20:I$20) -> 0.045793793 | E23: =D23*100 -> 4.5793793 | F23: =E23*(1-G$21) -> 4.1475438 | J23: =J22*75 -> 2271.6259
D24: =SUMPRODUCT(D5:I5,D$20:I$20) -> 0.050232288 | E24: =D24*100 -> 5.0232288 | F24: =E24*(1-G$21) -> 4.5495383
D25: =SUMPRODUCT(D6:I6,D$20:I$20) -> 0.050232288 | E25: =D25*100 -> 5.0232288 | F25: =E25*(1-G$21) -> 4.5495383
D26: =SUMPRODUCT(D7:I7,D$20:I$20) -> 0.050232288 | E26: =D26*100 -> 5.0232288 | F26: =E26*(1-G$21) -> 4.5495383
D27: =SUMPRODUCT(D8:I8,D$20:I$20) -> 0.050232288 | E27: =D27*100 -> 5.0232288 | F27: =E27*(1-G$21) -> 4.5495383
D28: =SUMPRODUCT(D9:I9,D$20:I$20) -> 0.050232288 | E28: =D28*100 -> 5.0232288 | F28: =E28*(1-G$21) -> 4.5495383
D29: =SUMPRODUCT(D10:I10,D$20:I$20) -> 0.046317556 | E29: =D29*100 -> 4.6317556 | F29: =E29*(1-G$21) -> 4.194981
D30: =SUMPRODUCT(D11:I11,D$20:I$20) -> 0.046317556 | E30: =D30*100 -> 4.6317556 | F30: =E30*(1-G$21) -> 4.194981
D31: =SUMPRODUCT(D12:I12,D$20:I$20) -> 0.046317556 | E31: =D31*100 -> 4.6317556 | F31: =E31*(1-G$21) -> 4.194981
D32: =SUMPRODUCT(D13:I13,D$20:I$20) -> 0.046317556 | E32: =D32*100 -> 4.6317556 | F32: =E32*(1-G$21) -> 4.194981

Sheet Sheet2
A1: Wall Insulation_Res, E - Heat [Elec Heating] _Multifamily_Space Heating | B1: 0.005498677 | C1: 0.015363742 | D1: 0.28741944 | E1: 0.38815445 | F1: 0.11768851 | G1: 0.18587518
A2: Wall Insulation_Res, E - Cool [Elec Heating] _Multifamily_Cooling | B2: 0.47877699 | C2: 0.3796376 | D2: 0.016551424 | E2: 0.020417985 | F2: 0.059158199 | G2: 0.045457862
